Event Id,Restaurant Id,Restaurant Name,Photo URL,Event Title,Event Start Date,Event End Date
322331,18649486,The Drunken Botanist,https://www.zomato.com/ncr/the-drunken-botanist-dlf-cyber-city-gurgaon/photos?utm_source=api_basic_user&utm_medium=api&utm_campaign=v2.1#tabtop,"BackToBasic Wednesdays !!


",2019-03-06,2019-08-28
332812,308322,Hauz Khas Social,https://www.zomato.com/HauzKhasSocial/photos?utm_source=api_basic_user&utm_medium=api&utm_campaign=v2.1#tabtop,Live 20/20 Match Screenings,2019-03-29,2019-05-23
336644,18856789,AIR- An Ivory Region,https://www.zomato.com/ncr/air-an-ivory-region-punjabi-bagh-new-delhi/photos?utm_source=api_basic_user&utm_medium=api&utm_campaign=v2.1#tabtop,Dhol Bhangra Night,2019-04-10,2019-04-11
336889,18382360,Local,https://www.zomato.com/ncr/local-connaught-place-new-delhi/photos?utm_source=api_basic_user&utm_medium=api&utm_campaign=v2.1#tabtop,Cocktail Wednesday,2019-04-10,2019-04-10
336888,18382360,Local,https://www.zomato.com/ncr/local-connaught-place-new-delhi/photos?utm_source=api_basic_user&utm_medium=api&utm_campaign=v2.1#tabtop,Cocktail Wednesday,2019-04-10,2019-04-10
336890,18382360,Local,https://www.zomato.com/ncr/local-connaught-place-new-delhi/photos?utm_source=api_basic_user&utm_medium=api&utm_campaign=v2.1#tabtop,Cocktail Wednesday,2019-04-10,2019-04-10
336894,18382360,Local,https://www.zomato.com/ncr/local-connaught-place-new-delhi/photos?utm_source=api_basic_user&utm_medium=api&utm_campaign=v2.1#tabtop,Hip Hop Friday,2019-04-12,2019-04-12
336903,18382360,Local,https://www.zomato.com/ncr/local-connaught-place-new-delhi/photos?utm_source=api_basic_user&utm_medium=api&utm_campaign=v2.1#tabtop,Urban Saturday,2019-04-13,2019-04-13
116096,18466951,Jungle Jamboree,https://www.zomato.com/ncr/jungle-jamboree-sector-34-noida/photos?utm_source=api_basic_user&utm_medium=api&utm_campaign=v2.1#tabtop,Festive Food Bonanza || Special Buffet Prices starting @ Rs. 499 + || Full Day Alacarte,2019-01-21,2019-05-31
161417,18466951,Jungle Jamboree,https://www.zomato.com/ncr/jungle-jamboree-sector-34-noida/photos?utm_source=api_basic_user&utm_medium=api&utm_campaign=v2.1#tabtop,7 Course High Tea Birthday & Kitty Parties @ Rs. 499 + onwards with Unlimited Aerated Drinks,2019-01-21,2019-05-31
336622,18466951,Jungle Jamboree,https://www.zomato.com/ncr/jungle-jamboree-sector-34-noida/photos?utm_source=api_basic_user&utm_medium=api&utm_campaign=v2.1#tabtop,Special Navratras Thali at just @399 +Taxes at Jungle Jamboree,2019-04-08,2019-04-13
336251,18337893,The Luggage Room Kitchen And Bar,https://www.zomato.com/TheLuggageRoom/photos?utm_source=api_basic_user&utm_medium=api&utm_campaign=v2.1#tabtop,Commercial Night,2019-04-10,2019-04-11
336248,18337893,The Luggage Room Kitchen And Bar,https://www.zomato.com/TheLuggageRoom/photos?utm_source=api_basic_user&utm_medium=api&utm_campaign=v2.1#tabtop,Ladies Night,2019-04-11,2019-04-11
332812,18246991,Odeon Social,https://www.zomato.com/OdeonSocial/photos?utm_source=api_basic_user&utm_medium=api&utm_campaign=v2.1#tabtop,Live 20/20 Match Screenings,2019-03-29,2019-05-23
292840,18571735,Dum Laga Ke Haishaa,https://www.zomato.com/kolkata/dum-laga-ke-haishaa-sector-5-salt-lake/photos?utm_source=api_basic_user&utm_medium=api&utm_campaign=v2.1#tabtop,Corporate Lunch Box ,2018-12-28,2019-12-31
297761,18571735,Dum Laga Ke Haishaa,https://www.zomato.com/kolkata/dum-laga-ke-haishaa-sector-5-salt-lake/photos?utm_source=api_basic_user&utm_medium=api&utm_campaign=v2.1#tabtop,Happy Hour! ,2019-01-10,2019-12-31
316852,18571735,Dum Laga Ke Haishaa,https://www.zomato.com/kolkata/dum-laga-ke-haishaa-sector-5-salt-lake/photos?utm_source=api_basic_user&utm_medium=api&utm_campaign=v2.1#tabtop,Food Festival,2019-02-21,2019-05-31
321358,18571735,Dum Laga Ke Haishaa,https://www.zomato.com/kolkata/dum-laga-ke-haishaa-sector-5-salt-lake/photos?utm_source=api_basic_user&utm_medium=api&utm_campaign=v2.1#tabtop,Shah Jahani e Thali (3-4 packs),2019-03-04,2019-08-31
328527,18571735,Dum Laga Ke Haishaa,https://www.zomato.com/kolkata/dum-laga-ke-haishaa-sector-5-salt-lake/photos?utm_source=api_basic_user&utm_medium=api&utm_campaign=v2.1#tabtop,Game Fever at DLKH!,2019-03-20,2019-07-31
337099,18571735,Dum Laga Ke Haishaa,https://www.zomato.com/kolkata/dum-laga-ke-haishaa-sector-5-salt-lake/photos?utm_source=api_basic_user&utm_medium=api&utm_campaign=v2.1#tabtop,Live Sports Screening,2019-04-09,2019-05-18
337096,18571735,Dum Laga Ke Haishaa,https://www.zomato.com/kolkata/dum-laga-ke-haishaa-sector-5-salt-lake/photos?utm_source=api_basic_user&utm_medium=api&utm_campaign=v2.1#tabtop,Poila Baishak,2019-04-14,2019-04-15
337102,18571735,Dum Laga Ke Haishaa,https://www.zomato.com/kolkata/dum-laga-ke-haishaa-sector-5-salt-lake/photos?utm_source=api_basic_user&utm_medium=api&utm_campaign=v2.1#tabtop,Poila Baishak Special,2019-04-14,2019-04-15
260569,18398880,JW Kitchen - JW Marriott Hotel Kolkata,https://www.zomato.com/kolkata/jw-kitchen-jw-marriott-hotel-kolkata-science-city-area/photos?utm_source=api_basic_user&utm_medium=api&utm_campaign=v2.1#tabtop,Corporate Buffet Dinner,2019-01-02,2019-09-30
334818,18398880,JW Kitchen - JW Marriott Hotel Kolkata,https://www.zomato.com/kolkata/jw-kitchen-jw-marriott-hotel-kolkata-science-city-area/photos?utm_source=api_basic_user&utm_medium=api&utm_campaign=v2.1#tabtop,Poila Baishakh Buffet ,2019-04-15,2019-04-15
286422,18259462,Ocean Grill,https://www.zomato.com/kolkata/ocean-grill-1-sector-5-salt-lake/photos?utm_source=api_basic_user&utm_medium=api&utm_campaign=v2.1#tabtop,Customised Party Packages,2018-12-17,2019-04-30
337247,18761167,Echoes Kolkata,https://www.zomato.com/kolkata/echoes-kolkata-topsia/photos?utm_source=api_basic_user&utm_medium=api&utm_campaign=v2.1#tabtop,Celebrate Poila Boishak with Echoes,2019-04-15,2019-04-15
333108,18751849,Five Mad Men,https://www.zomato.com/kolkata/five-mad-men-1-sector-5-salt-lake/photos?utm_source=api_basic_user&utm_medium=api&utm_campaign=v2.1#tabtop,Apna Stadium Khud Chuno - IPL 2019 Big Match Day,2019-04-03,2019-05-05
334920,18751849,Five Mad Men,https://www.zomato.com/kolkata/five-mad-men-1-sector-5-salt-lake/photos?utm_source=api_basic_user&utm_medium=api&utm_campaign=v2.1#tabtop,Ladies Night,2019-04-11,2019-04-11
334922,18751849,Five Mad Men,https://www.zomato.com/kolkata/five-mad-men-1-sector-5-salt-lake/photos?utm_source=api_basic_user&utm_medium=api&utm_campaign=v2.1#tabtop,Game of Thrones - Special Screening of season 8,2019-04-15,2019-04-15
336892,18392725,Tamasha,https://www.zomato.com/mumbai/tamasha-lower-parel/photos?utm_source=api_basic_user&utm_medium=api&utm_campaign=v2.1#tabtop,Bombay Velvet,2019-04-11,2019-04-12
336898,18392725,Tamasha,https://www.zomato.com/mumbai/tamasha-lower-parel/photos?utm_source=api_basic_user&utm_medium=api&utm_campaign=v2.1#tabtop,Zulfi Performing Live,2019-04-12,2019-04-13
298104,18701052,The Fusion Kitchen,https://www.zomato.com/mumbai/the-fusion-kitchen-marol/photos?utm_source=api_basic_user&utm_medium=api&utm_campaign=v2.1#tabtop,HAPPY HOURS 1+1 ,2019-03-15,2019-04-30
336881,18566818,JLWA,https://www.zomato.com/mumbai/jlwa-linking-road-bandra-west/photos?utm_source=api_basic_user&utm_medium=api&utm_campaign=v2.1#tabtop,Juggy & Band Live,2019-04-10,2019-04-11
318235,48851,Rude Lounge,https://www.zomato.com/mumbai/rude-lounge-powai/photos?utm_source=api_basic_user&utm_medium=api&utm_campaign=v2.1#tabtop,Zumba Fitness with ZIN Mohsin & ZIN Varsha at Rude Powai,2019-04-20,2019-04-20
330912,18205932,The Cult - Peninsula Grand Hotel,https://www.zomato.com/mumbai/the-cult-peninsula-grand-hotel-sakinaka/photos?utm_source=api_basic_user&utm_medium=api&utm_campaign=v2.1#tabtop,Live Cricket Screening (Exclusive),2019-03-25,2019-04-30
337298,18205932,The Cult - Peninsula Grand Hotel,https://www.zomato.com/mumbai/the-cult-peninsula-grand-hotel-sakinaka/photos?utm_source=api_basic_user&utm_medium=api&utm_campaign=v2.1#tabtop,Happy Hours ,2019-04-09,2020-05-29
336620,18205932,The Cult - Peninsula Grand Hotel,https://www.zomato.com/mumbai/the-cult-peninsula-grand-hotel-sakinaka/photos?utm_source=api_basic_user&utm_medium=api&utm_campaign=v2.1#tabtop,Glam & Glitz Bolly Molly Ladies Retro Night,2019-04-10,2019-04-11
336992,18205932,The Cult - Peninsula Grand Hotel,https://www.zomato.com/mumbai/the-cult-peninsula-grand-hotel-sakinaka/photos?utm_source=api_basic_user&utm_medium=api&utm_campaign=v2.1#tabtop,MTV Swag Ladies Night ,2019-04-11,2019-04-12
337480,18205932,The Cult - Peninsula Grand Hotel,https://www.zomato.com/mumbai/the-cult-peninsula-grand-hotel-sakinaka/photos?utm_source=api_basic_user&utm_medium=api&utm_campaign=v2.1#tabtop,Friday Night,2019-04-12,2019-04-13
337300,18205932,The Cult - Peninsula Grand Hotel,https://www.zomato.com/mumbai/the-cult-peninsula-grand-hotel-sakinaka/photos?utm_source=api_basic_user&utm_medium=api&utm_campaign=v2.1#tabtop,Saturday Night,2019-04-13,2019-04-14
337023,18205932,The Cult - Peninsula Grand Hotel,https://www.zomato.com/mumbai/the-cult-peninsula-grand-hotel-sakinaka/photos?utm_source=api_basic_user&utm_medium=api&utm_campaign=v2.1#tabtop,Sunday Night ,2019-04-14,2019-04-15
336281,18580259,Coffee Culture,https://www.zomato.com/mumbai/coffee-culture-hill-road-bandra-west/photos?utm_source=api_basic_user&utm_medium=api&utm_campaign=v2.1#tabtop,Ink-A-Laugh Presents Bearly Funny,2019-04-11,2019-04-11
336279,18580259,Coffee Culture,https://www.zomato.com/mumbai/coffee-culture-hill-road-bandra-west/photos?utm_source=api_basic_user&utm_medium=api&utm_campaign=v2.1#tabtop,"Stand Up Comedy @ Coffee Culture, Bandra On Every Thursday !",2019-04-18,2019-04-18
332812,18522518,Vikhroli Social,https://www.zomato.com/vikhrolisocial/photos?utm_source=api_basic_user&utm_medium=api&utm_campaign=v2.1#tabtop,Live 20/20 Match Screenings,2019-03-29,2019-05-23
233993,18397684,Craftbar,https://www.zomato.com/mumbai/craftbar-bandra-east/photos?utm_source=api_basic_user&utm_medium=api&utm_campaign=v2.1#tabtop,Corporate Buffet Lunch at 199/-* (Monday to Friday) ,2019-01-09,2019-05-31
292701,18397684,Craftbar,https://www.zomato.com/mumbai/craftbar-bandra-east/photos?utm_source=api_basic_user&utm_medium=api&utm_campaign=v2.1#tabtop,Friday Bollywood Night ,2019-02-01,2019-04-30
292145,18397684,Craftbar,https://www.zomato.com/mumbai/craftbar-bandra-east/photos?utm_source=api_basic_user&utm_medium=api&utm_campaign=v2.1#tabtop,Thursday Retro Night ,2019-02-07,2019-04-30
314235,18397684,Craftbar,https://www.zomato.com/mumbai/craftbar-bandra-east/photos?utm_source=api_basic_user&utm_medium=api&utm_campaign=v2.1#tabtop,Saturday Live Band Night ,2019-02-14,2019-06-30
310422,18397684,Craftbar,https://www.zomato.com/mumbai/craftbar-bandra-east/photos?utm_source=api_basic_user&utm_medium=api&utm_campaign=v2.1#tabtop,Sunday Karaoke Night ,2019-02-15,2019-04-30
309090,18397684,Craftbar,https://www.zomato.com/mumbai/craftbar-bandra-east/photos?utm_source=api_basic_user&utm_medium=api&utm_campaign=v2.1#tabtop,Wednesday Angel's Night ,2019-02-20,2019-04-30
310712,18691230,Grandmama's Café,https://www.zomato.com/mumbai/grandmamas-café-ghatkopar-west/photos?utm_source=api_basic_user&utm_medium=api&utm_campaign=v2.1#tabtop,Grandmama's Burger Shake & Fries Combo,2019-02-09,2019-04-20
328877,18691230,Grandmama's Café,https://www.zomato.com/mumbai/grandmamas-café-ghatkopar-west/photos?utm_source=api_basic_user&utm_medium=api&utm_campaign=v2.1#tabtop,IPL Hours at Grandmama's Cafe,2019-03-25,2019-05-19
277195,18706428,Byg Brewski Brewing Company,https://www.zomato.com/bangalore/byg-brewski-brewing-company-hennur-bangalore/photos?utm_source=api_basic_user&utm_medium=api&utm_campaign=v2.1#tabtop,Sunday Brunch,2018-11-25,2019-12-29
279297,18706428,Byg Brewski Brewing Company,https://www.zomato.com/bangalore/byg-brewski-brewing-company-hennur-bangalore/photos?utm_source=api_basic_user&utm_medium=api&utm_campaign=v2.1#tabtop,Byg Spirited Labels,2018-11-29,2019-04-30
279336,18706428,Byg Brewski Brewing Company,https://www.zomato.com/bangalore/byg-brewski-brewing-company-hennur-bangalore/photos?utm_source=api_basic_user&utm_medium=api&utm_campaign=v2.1#tabtop,Corporate Events,2018-11-29,2019-12-31
329360,18871246,ShakesBierre,https://www.zomato.com/bangalore/shakesbierre-1-brigade-road-bangalore/photos?utm_source=api_basic_user&utm_medium=api&utm_campaign=v2.1#tabtop,MOODYMONDAYS,2019-03-22,2019-04-30
329396,18871246,ShakesBierre,https://www.zomato.com/bangalore/shakesbierre-1-brigade-road-bangalore/photos?utm_source=api_basic_user&utm_medium=api&utm_campaign=v2.1#tabtop,SUNDAYBRUNCH,2019-03-22,2019-04-30
329375,18871246,ShakesBierre,https://www.zomato.com/bangalore/shakesbierre-1-brigade-road-bangalore/photos?utm_source=api_basic_user&utm_medium=api&utm_campaign=v2.1#tabtop,FABULOUSFRIDAY,2019-03-22,2019-04-30
329363,18871246,ShakesBierre,https://www.zomato.com/bangalore/shakesbierre-1-brigade-road-bangalore/photos?utm_source=api_basic_user&utm_medium=api&utm_campaign=v2.1#tabtop,BIERRAOKE,2019-03-22,2019-04-30
329793,18871246,ShakesBierre,https://www.zomato.com/bangalore/shakesbierre-1-brigade-road-bangalore/photos?utm_source=api_basic_user&utm_medium=api&utm_campaign=v2.1#tabtop,SWAGGERSATURDAY,2019-03-23,2019-04-30
332383,18871246,ShakesBierre,https://www.zomato.com/bangalore/shakesbierre-1-brigade-road-bangalore/photos?utm_source=api_basic_user&utm_medium=api&utm_campaign=v2.1#tabtop,STANDUPCOMEDY,2019-03-28,2019-04-30
335948,18772094,Bombay Adda,https://www.zomato.com/bangalore/bombay-adda-koramangala-7th-block-bangalore/photos?utm_source=api_basic_user&utm_medium=api&utm_campaign=v2.1#tabtop,Ladies & Models Night Ft. DJ Njay,2019-04-11,2019-04-12
335953,18772094,Bombay Adda,https://www.zomato.com/bangalore/bombay-adda-koramangala-7th-block-bangalore/photos?utm_source=api_basic_user&utm_medium=api&utm_campaign=v2.1#tabtop,Friday Night Ft. Kaleem & Basand,2019-04-12,2019-04-13
335954,18772094,Bombay Adda,https://www.zomato.com/bangalore/bombay-adda-koramangala-7th-block-bangalore/photos?utm_source=api_basic_user&utm_medium=api&utm_campaign=v2.1#tabtop,Saturday Night Ft. Kaleem & Basand,2019-04-13,2019-04-14
335989,18772094,Bombay Adda,https://www.zomato.com/bangalore/bombay-adda-koramangala-7th-block-bangalore/photos?utm_source=api_basic_user&utm_medium=api&utm_campaign=v2.1#tabtop,Unplugged Night Ft. Saher,2019-04-14,2019-04-15
328860,18387426,The Black Pearl,https://www.zomato.com/bangalore/the-black-pearl-marathahalli/photos?utm_source=api_basic_user&utm_medium=api&utm_campaign=v2.1#tabtop,Cricket Season Specials at The Black Pearl Marathahalii,2019-03-20,2019-06-10
334204,18387426,The Black Pearl,https://www.zomato.com/bangalore/the-black-pearl-marathahalli/photos?utm_source=api_basic_user&utm_medium=api&utm_campaign=v2.1#tabtop,Multiple Corporate Offers at the Black Pearl Marathahalli ,2019-04-02,2020-03-31
334206,18387426,The Black Pearl,https://www.zomato.com/bangalore/the-black-pearl-marathahalli/photos?utm_source=api_basic_user&utm_medium=api&utm_campaign=v2.1#tabtop,Early Bird & Late Bird Offers at Black Pearl ,2019-04-02,2020-03-31
334210,18387426,The Black Pearl,https://www.zomato.com/bangalore/the-black-pearl-marathahalli/photos?utm_source=api_basic_user&utm_medium=api&utm_campaign=v2.1#tabtop,Cocktails and Mocktails offers at Black Pearl ,2019-04-02,2020-03-31
270216,57833,Big Pitcher,https://www.zomato.com/bangalore/big-pitcher-airport-road/photos?utm_source=api_basic_user&utm_medium=api&utm_campaign=v2.1#tabtop,New Food Menu Launch at Big Pitcher,2018-11-01,2020-10-31
302811,54162,The Black Pearl,https://www.zomato.com/bangalore/the-black-pearl-koramangala-5th-block/photos?utm_source=api_basic_user&utm_medium=api&utm_campaign=v2.1#tabtop,Special Pirate Packages for Lunch ,2019-01-23,2019-04-30
319906,54162,The Black Pearl,https://www.zomato.com/bangalore/the-black-pearl-koramangala-5th-block/photos?utm_source=api_basic_user&utm_medium=api&utm_campaign=v2.1#tabtop,WEEKLY OFFERS,2019-02-28,2019-12-31
327964,54162,The Black Pearl,https://www.zomato.com/bangalore/the-black-pearl-koramangala-5th-block/photos?utm_source=api_basic_user&utm_medium=api&utm_campaign=v2.1#tabtop,Circket  Fever ,2019-03-23,2019-05-12
336921,54162,The Black Pearl,https://www.zomato.com/bangalore/the-black-pearl-koramangala-5th-block/photos?utm_source=api_basic_user&utm_medium=api&utm_campaign=v2.1#tabtop,Unlimited Alcohol Offers at The Black Pearl,2019-04-08,2020-03-31
336924,54162,The Black Pearl,https://www.zomato.com/bangalore/the-black-pearl-koramangala-5th-block/photos?utm_source=api_basic_user&utm_medium=api&utm_campaign=v2.1#tabtop,"Every 11 pax get 1 free buffet, Every 20 pax get 2 free buffet",2019-04-08,2020-03-31
336929,54162,The Black Pearl,https://www.zomato.com/bangalore/the-black-pearl-koramangala-5th-block/photos?utm_source=api_basic_user&utm_medium=api&utm_campaign=v2.1#tabtop,Early Bird Offer & Full Bottle Offer,2019-04-08,2020-03-31
336932,54162,The Black Pearl,https://www.zomato.com/bangalore/the-black-pearl-koramangala-5th-block/photos?utm_source=api_basic_user&utm_medium=api&utm_campaign=v2.1#tabtop,Sunday Specials at The Black Pearl,2019-04-08,2020-03-31
251427,18595782,The Pallet,https://www.zomato.com/bangalore/the-pallet-whitefield/photos?utm_source=api_basic_user&utm_medium=api&utm_campaign=v2.1#tabtop,The Desi Electrifier Night | Every Wednesday | Ft. DJ 303K | Bollywood Deep House,2019-04-10,2019-04-10
194302,18595782,The Pallet,https://www.zomato.com/bangalore/the-pallet-whitefield/photos?utm_source=api_basic_user&utm_medium=api&utm_campaign=v2.1#tabtop,Planning an office event? | Corporate Packages & Discounts,2019-04-11,2019-04-11
332104,18595782,The Pallet,https://www.zomato.com/bangalore/the-pallet-whitefield/photos?utm_source=api_basic_user&utm_medium=api&utm_campaign=v2.1#tabtop,Live T-20 Sports Screening | Beer Pitchers @ 500/-,2019-04-11,2019-04-11
262407,18595782,The Pallet,https://www.zomato.com/bangalore/the-pallet-whitefield/photos?utm_source=api_basic_user&utm_medium=api&utm_campaign=v2.1#tabtop,BollyEDM Night | This Friday | Ft. DJ Ashwin | EDM and Bollywood Night,2019-04-12,2019-04-12
199069,18595782,The Pallet,https://www.zomato.com/bangalore/the-pallet-whitefield/photos?utm_source=api_basic_user&utm_medium=api&utm_campaign=v2.1#tabtop,Bollywood Night Ft. DJ SAM | Live Dhol Performance,2019-04-13,2019-04-13
206595,18595782,The Pallet,https://www.zomato.com/bangalore/the-pallet-whitefield/photos?utm_source=api_basic_user&utm_medium=api&utm_campaign=v2.1#tabtop,Sunday Brunch,2019-04-14,2019-04-14
288350,18595782,The Pallet,https://www.zomato.com/bangalore/the-pallet-whitefield/photos?utm_source=api_basic_user&utm_medium=api&utm_campaign=v2.1#tabtop,Sunday Rewind | Ft. DJ Sam,2019-04-14,2019-04-14
204342,18595782,The Pallet,https://www.zomato.com/bangalore/the-pallet-whitefield/photos?utm_source=api_basic_user&utm_medium=api&utm_campaign=v2.1#tabtop,Corporate Lunch | Buffet | Monday - Saturday | @ INR 599,2019-04-15,2019-04-15
264218,18595782,The Pallet,https://www.zomato.com/bangalore/the-pallet-whitefield/photos?utm_source=api_basic_user&utm_medium=api&utm_campaign=v2.1#tabtop,Monday Madness | Ft. DJ Sam | Full Day Happy Hours,2019-04-15,2019-04-15
332261,18537585,The Reservoire,https://www.zomato.com/bangalore/the-reservoire-koramangala-5th-block/photos?utm_source=api_basic_user&utm_medium=api&utm_campaign=v2.1#tabtop,IPL Live Screening at The Reservoire,2019-03-28,2019-05-12
309852,18537585,The Reservoire,https://www.zomato.com/bangalore/the-reservoire-koramangala-5th-block/photos?utm_source=api_basic_user&utm_medium=api&utm_campaign=v2.1#tabtop,Happy Corporate Hours: 15% off! ,2019-04-02,2019-05-07
317312,18537585,The Reservoire,https://www.zomato.com/bangalore/the-reservoire-koramangala-5th-block/photos?utm_source=api_basic_user&utm_medium=api&utm_campaign=v2.1#tabtop,Happy Hours @ Reservoire,2019-04-09,2019-05-26
337463,18537585,The Reservoire,https://www.zomato.com/bangalore/the-reservoire-koramangala-5th-block/photos?utm_source=api_basic_user&utm_medium=api&utm_campaign=v2.1#tabtop,SUNDAY TIKI BRUNCH,2019-04-09,2019-06-09
297581,18709627,Simon Says Brew Works,https://www.zomato.com/bangalore/simon-says-brew-works-koramangala-5th-block-bangalore/photos?utm_source=api_basic_user&utm_medium=api&utm_campaign=v2.1#tabtop,LADIES NIGHT & BOLLYWOOD KARAOKE,2019-01-13,2019-07-28
328516,18709627,Simon Says Brew Works,https://www.zomato.com/bangalore/simon-says-brew-works-koramangala-5th-block-bangalore/photos?utm_source=api_basic_user&utm_medium=api&utm_campaign=v2.1#tabtop,IPL OFFERS WITH LIVE SCREENING,2019-03-23,2019-05-12
330592,18709627,Simon Says Brew Works,https://www.zomato.com/bangalore/simon-says-brew-works-koramangala-5th-block-bangalore/photos?utm_source=api_basic_user&utm_medium=api&utm_campaign=v2.1#tabtop,HAPPY HOURS 1+1 ON ALL LIQUORS FULL DAY,2019-03-25,2019-04-30
331692,18709627,Simon Says Brew Works,https://www.zomato.com/bangalore/simon-says-brew-works-koramangala-5th-block-bangalore/photos?utm_source=api_basic_user&utm_medium=api&utm_campaign=v2.1#tabtop,WEDNESDAY LADIES NIGHT WITH DJ ARPITAA ,2019-03-27,2019-04-30
332016,18709627,Simon Says Brew Works,https://www.zomato.com/bangalore/simon-says-brew-works-koramangala-5th-block-bangalore/photos?utm_source=api_basic_user&utm_medium=api&utm_campaign=v2.1#tabtop,SEASONAL FRUITS BREWED BEER,2019-03-27,2019-04-30
332132,18709627,Simon Says Brew Works,https://www.zomato.com/bangalore/simon-says-brew-works-koramangala-5th-block-bangalore/photos?utm_source=api_basic_user&utm_medium=api&utm_campaign=v2.1#tabtop,WEEKLY OFFERS AND EVENTS,2019-03-28,2019-04-30
315874,18709627,Simon Says Brew Works,https://www.zomato.com/bangalore/simon-says-brew-works-koramangala-5th-block-bangalore/photos?utm_source=api_basic_user&utm_medium=api&utm_campaign=v2.1#tabtop,Bollywood Night with DJ Oppozit,2019-03-28,2019-04-26
320441,18727906,XOOX Brewmill,https://www.zomato.com/bangalore/xoox-brewmill-koramangala-5th-block-bangalore/photos?utm_source=api_basic_user&utm_medium=api&utm_campaign=v2.1#tabtop,Happy Hours Menu,2019-04-08,2019-04-30
317384,18727906,XOOX Brewmill,https://www.zomato.com/bangalore/xoox-brewmill-koramangala-5th-block-bangalore/photos?utm_source=api_basic_user&utm_medium=api&utm_campaign=v2.1#tabtop,Plan Your Corporate Event!,2019-04-08,2019-04-30
319262,18727906,XOOX Brewmill,https://www.zomato.com/bangalore/xoox-brewmill-koramangala-5th-block-bangalore/photos?utm_source=api_basic_user&utm_medium=api&utm_campaign=v2.1#tabtop,X019' Match Screening ,2019-04-09,2019-05-05
314958,18727906,XOOX Brewmill,https://www.zomato.com/bangalore/xoox-brewmill-koramangala-5th-block-bangalore/photos?utm_source=api_basic_user&utm_medium=api&utm_campaign=v2.1#tabtop,Unlimited Sparkling Wine Brunch !,2019-04-13,2019-04-30
332812,18893197,FC Road Social,https://www.zomato.com/pune/fc-road-social-shivaji-nagar/photos?utm_source=api_basic_user&utm_medium=api&utm_campaign=v2.1#tabtop,Live 20/20 Match Screenings,2019-03-29,2019-05-23
337514,18880433,BeHive,https://www.zomato.com/pune/behive-hinjawadi/photos?utm_source=api_basic_user&utm_medium=api&utm_campaign=v2.1#tabtop,"queen bees , ladies night",2019-04-10,2019-04-10
332116,18562250,Cafe Co2 Resto Lounge,https://www.zomato.com/pune/cafe-co2-resto-lounge-bhugaon/photos?utm_source=api_basic_user&utm_medium=api&utm_campaign=v2.1#tabtop,Live Cricket Screening @ Cafe CO2,2019-03-28,2019-05-19
337013,6508166,Flying Duck Co.,https://www.zomato.com/pune/flying-duck-co-baner/photos?utm_source=api_basic_user&utm_medium=api&utm_campaign=v2.1#tabtop,Alcoholic Weekdays! ,2019-04-09,2019-04-11
337015,6508166,Flying Duck Co.,https://www.zomato.com/pune/flying-duck-co-baner/photos?utm_source=api_basic_user&utm_medium=api&utm_campaign=v2.1#tabtop,Girls Night Out,2019-04-10,2019-04-10
332959,18784250,Universal Barbeque,https://www.zomato.com/pune/universal-barbeque-hinjawadi/photos?utm_source=api_basic_user&utm_medium=api&utm_campaign=v2.1#tabtop,FAMILY OFFER,2019-03-29,2019-04-30
329559,18740139,Grandmama's Cafe,https://www.zomato.com/pune/grandmamas-cafe-koregaon-park/photos?utm_source=api_basic_user&utm_medium=api&utm_campaign=v2.1#tabtop,Grandma's Quiz Night! ,2019-04-11,2019-04-11
336866,18417624,The Sassy Spoon,https://www.zomato.com/pune/the-sassy-spoon-koregaon-park/photos?utm_source=api_basic_user&utm_medium=api&utm_campaign=v2.1#tabtop,Gossip & Giggles ,2019-04-08,2019-12-31
336867,18417624,The Sassy Spoon,https://www.zomato.com/pune/the-sassy-spoon-koregaon-park/photos?utm_source=api_basic_user&utm_medium=api&utm_campaign=v2.1#tabtop,A Night to Remember ,2019-04-08,2019-12-31
336718,18621437,The FML Lounge,https://www.zomato.com/pune/the-fml-lounge-hinjawadi/photos?utm_source=api_basic_user&utm_medium=api&utm_campaign=v2.1#tabtop,HAPPY DAYS 1+1,2019-04-08,2019-05-31
332812,18657534,Viman Nagar Social,https://www.zomato.com/vimannagarsocial/photos?utm_source=api_basic_user&utm_medium=api&utm_campaign=v2.1#tabtop,Live 20/20 Match Screenings,2019-03-29,2019-05-23
327542,18536004,Culture - पुणे,https://www.zomato.com/pune/culture-fc-road/photos?utm_source=api_basic_user&utm_medium=api&utm_campaign=v2.1#tabtop,Ladies Night- Every Thursday,2019-03-18,2019-12-31
337114,18536004,Culture - पुणे,https://www.zomato.com/pune/culture-fc-road/photos?utm_source=api_basic_user&utm_medium=api&utm_campaign=v2.1#tabtop,IPL Quiz Night,2019-04-10,2019-04-10
337273,6508323,The Urban Foundry,https://www.zomato.com/pune/the-urban-foundry-baner/photos?utm_source=api_basic_user&utm_medium=api&utm_campaign=v2.1#tabtop,LIVE SCREENING,2019-04-09,2019-04-30
329193,18470497,84 Anjuna Shack,https://www.zomato.com/hyderabad/84-anjuna-shack-kondapur/photos?utm_source=api_basic_user&utm_medium=api&utm_campaign=v2.1#tabtop,IPL T20 Match Screening,2019-03-23,2019-05-10
337301,18807262,Broadway,https://www.zomato.com/hyderabad/broadway-jubilee-hills/photos?utm_source=api_basic_user&utm_medium=api&utm_campaign=v2.1#tabtop,Meghna Dundi Trio LIVE,2019-04-10,2019-04-10
331960,18607685,Farzi Cafe,https://www.zomato.com/hyderabad/farzi-cafe-jubilee-hills/photos?utm_source=api_basic_user&utm_medium=api&utm_campaign=v2.1#tabtop,IPL Live Screening!,2019-03-27,2019-05-05
336905,18607685,Farzi Cafe,https://www.zomato.com/hyderabad/farzi-cafe-jubilee-hills/photos?utm_source=api_basic_user&utm_medium=api&utm_campaign=v2.1#tabtop,Electronic Fridays with YOGI!,2019-04-12,2019-04-13
333451,18800810,The Black Pearl,https://www.zomato.com/chennai/the-black-pearl-sholinganallur/photos?utm_source=api_basic_user&utm_medium=api&utm_campaign=v2.1#tabtop,Early Bird Offer on Buffet!,2019-04-01,2020-03-31
333452,18800810,The Black Pearl,https://www.zomato.com/chennai/the-black-pearl-sholinganallur/photos?utm_source=api_basic_user&utm_medium=api&utm_campaign=v2.1#tabtop,Corporate Offers at The Black Pearl Chennai,2019-04-01,2020-03-31
333454,18800810,The Black Pearl,https://www.zomato.com/chennai/the-black-pearl-sholinganallur/photos?utm_source=api_basic_user&utm_medium=api&utm_campaign=v2.1#tabtop,Special offers for Senior citizens and Complimentary mocktail per diner!,2019-04-01,2020-03-31
336453,18800810,The Black Pearl,https://www.zomato.com/chennai/the-black-pearl-sholinganallur/photos?utm_source=api_basic_user&utm_medium=api&utm_campaign=v2.1#tabtop,Support Namma CSK,2019-04-07,2019-05-30
337249,18800810,The Black Pearl,https://www.zomato.com/chennai/the-black-pearl-sholinganallur/photos?utm_source=api_basic_user&utm_medium=api&utm_campaign=v2.1#tabtop,Tamil Puthandu in Pirates Style,2019-04-14,2019-04-14
329269,71443,Palmshore,https://www.zomato.com/chennai/palmshore-ashok-nagar/photos?utm_source=api_basic_user&utm_medium=api&utm_campaign=v2.1#tabtop,Buffet,2019-03-22,2019-04-30
331036,18801082,Farzi Café,https://www.zomato.com/lucknow/farzi-café-1-gomti-nagar/photos?utm_source=api_basic_user&utm_medium=api&utm_campaign=v2.1#tabtop,CRICKET FEVER - 2019,2019-03-26,2019-05-30
335804,18801082,Farzi Café,https://www.zomato.com/lucknow/farzi-café-1-gomti-nagar/photos?utm_source=api_basic_user&utm_medium=api&utm_campaign=v2.1#tabtop,Saturday Night with DJ SAAD!,2019-04-13,2019-04-14
335809,18801082,Farzi Café,https://www.zomato.com/lucknow/farzi-café-1-gomti-nagar/photos?utm_source=api_basic_user&utm_medium=api&utm_campaign=v2.1#tabtop,Sunday Night with Indie Street Rockers!,2019-04-14,2019-04-15
332493,18971277,Cafe Repertwahr,https://www.zomato.com/lucknow/cafe-repertwahr-indira-nagar/photos?utm_source=api_basic_user&utm_medium=api&utm_campaign=v2.1#tabtop,Enjoy live IPL with FBL,2019-03-28,2019-05-26
336239,18439027,Skyhilton,https://www.zomato.com/lucknow/skyhilton-1-alambagh/photos?utm_source=api_basic_user&utm_medium=api&utm_campaign=v2.1#tabtop,Unlimited Navratri Chaat,2019-04-06,2019-04-13
328996,18748726,The Night Jar,https://www.zomato.com/jaipur/the-night-jar-mi-road/photos?utm_source=api_basic_user&utm_medium=api&utm_campaign=v2.1#tabtop,IPL Live Screening,2019-03-23,2019-05-19
328614,18748726,The Night Jar,https://www.zomato.com/jaipur/the-night-jar-mi-road/photos?utm_source=api_basic_user&utm_medium=api&utm_campaign=v2.1#tabtop,IPL SPECIALS,2019-03-25,2019-05-31
336485,18748726,The Night Jar,https://www.zomato.com/jaipur/the-night-jar-mi-road/photos?utm_source=api_basic_user&utm_medium=api&utm_campaign=v2.1#tabtop,Wow Wednesday,2019-04-10,2019-04-10
334436,102695,Thali and More,https://www.zomato.com/jaipur/thali-and-more-c-scheme/photos?utm_source=api_basic_user&utm_medium=api&utm_campaign=v2.1#tabtop,GOOD MORNING JAIPUR,2019-04-03,2019-04-30
327296,18882467,Makeba - The Lounge Cafe,https://www.zomato.com/ahmedabad/makeba-the-lounge-cafe-vastrapur/photos?utm_source=api_basic_user&utm_medium=api&utm_campaign=v2.1#tabtop,Live Sports Screening @Makeba The Lounge Cafe,2019-03-23,2019-05-19
327580,18627705,I Love Sandwich House,https://www.zomato.com/ahmedabad/i-love-sandwich-house-bodakdev/photos?utm_source=api_basic_user&utm_medium=api&utm_campaign=v2.1#tabtop,"SALAD FEST - "" The Summer of Salads """,2019-03-18,2019-04-30
208222,18627705,I Love Sandwich House,https://www.zomato.com/ahmedabad/i-love-sandwich-house-bodakdev/photos?utm_source=api_basic_user&utm_medium=api&utm_campaign=v2.1#tabtop,IPL Live screening,2019-03-23,2019-05-12
329816,18578691,Bogarosa,https://www.zomato.com/ahmedabad/bogarosa-1-bodakdev/photos?utm_source=api_basic_user&utm_medium=api&utm_campaign=v2.1#tabtop,IPL LIVE SCREENING ,2019-03-23,2019-05-06
332812,124170,Sector 7 Social,https://www.zomato.com/chandigarh/sector-7-social-1-sector-7/photos?utm_source=api_basic_user&utm_medium=api&utm_campaign=v2.1#tabtop,Live 20/20 Match Screenings,2019-03-29,2019-05-23
335248,18694731,DND - Daily Nutritional Diet,https://www.zomato.com/chandigarh/dnd-daily-nutritional-diet-phase-3-mohali/photos?utm_source=api_basic_user&utm_medium=api&utm_campaign=v2.1#tabtop,Navratri Special Menu,2019-04-04,2019-04-14
225765,121425,Super Donuts,https://www.zomato.com/chandigarh/super-donuts-sector-35/photos?utm_source=api_basic_user&utm_medium=api&utm_campaign=v2.1#tabtop,Dessert Time!!,2018-06-10,2019-06-10
326572,18609823,Falcon Cafe Lounge,https://www.zomato.com/chandigarh/falcon-cafe-lounge-sector-16-panchkula/photos?utm_source=api_basic_user&utm_medium=api&utm_campaign=v2.1#tabtop,Rotisserie special roast chicken ,2019-03-15,2019-06-01
337488,130309,Purple Martini,https://www.zomato.com/goa/purple-martini-anjuna/photos?utm_source=api_basic_user&utm_medium=api&utm_campaign=v2.1#tabtop,Friday Artisans Bazaar with Live Music On SITAR at Purple Martini at Sunset Point,2019-04-12,2019-04-12
337489,130309,Purple Martini,https://www.zomato.com/goa/purple-martini-anjuna/photos?utm_source=api_basic_user&utm_medium=api&utm_campaign=v2.1#tabtop,SAX Sunsets with Saxophonist David Goren DJ Set By Tashi - I at Purple Martini at Sunset Point,2019-04-13,2019-04-13
337490,130309,Purple Martini,https://www.zomato.com/goa/purple-martini-anjuna/photos?utm_source=api_basic_user&utm_medium=api&utm_campaign=v2.1#tabtop,Shanti Sundays with Saxophonist ARTEMIY at Purple Martini at Sunset Point,2019-04-14,2019-04-14
334112,130535,The Fisherman's Wharf,https://www.zomato.com/goa/the-fishermans-wharf-cavelossim/photos?utm_source=api_basic_user&utm_medium=api&utm_campaign=v2.1#tabtop,Mango Mania,2019-04-02,2019-04-30
334112,18685303,The Fisherman's Wharf,https://www.zomato.com/goa/the-fishermans-wharf-calangute/photos?utm_source=api_basic_user&utm_medium=api&utm_campaign=v2.1#tabtop,Mango Mania,2019-04-02,2019-04-30
334112,16541849,The Fisherman's Wharf,https://www.zomato.com/goa/the-fishermans-wharf-panaji/photos?utm_source=api_basic_user&utm_medium=api&utm_campaign=v2.1#tabtop,Mango Mania,2019-04-02,2019-04-30
332770,18848790,The Brew Estate,https://www.zomato.com/shimla/the-brew-estate-longwood/photos?utm_source=api_basic_user&utm_medium=api&utm_campaign=v2.1#tabtop,IPL Live Streaming,2019-03-29,2019-05-12
330084,3301462,Three Beans,https://www.zomato.com/nagpur/three-beans-dharampeth/photos?utm_source=api_basic_user&utm_medium=api&utm_campaign=v2.1#tabtop,IPL Live Screening,2019-03-24,2019-05-19
336304,3301462,Three Beans,https://www.zomato.com/nagpur/three-beans-dharampeth/photos?utm_source=api_basic_user&utm_medium=api&utm_campaign=v2.1#tabtop,GOT FINAL SEASON S08E01,2019-04-15,2019-04-15
329596,18623894,Bouffage Cafe & Bistro,https://www.zomato.com/nagpur/bouffage-cafe-bistro-dharampeth/photos?utm_source=api_basic_user&utm_medium=api&utm_campaign=v2.1#tabtop,Sports Unlimited,2019-03-23,2019-07-31
336612,18748677,The Civil Kitchen,https://www.zomato.com/nagpur/the-civil-kitchen-civil-lines/photos?utm_source=api_basic_user&utm_medium=api&utm_campaign=v2.1#tabtop,BUY 1 GET 1,2019-04-08,2019-04-30
336615,18748677,The Civil Kitchen,https://www.zomato.com/nagpur/the-civil-kitchen-civil-lines/photos?utm_source=api_basic_user&utm_medium=api&utm_campaign=v2.1#tabtop,Kitty Party ,2019-04-08,2019-06-30
336285,18795312,Juhi's Kitchen,https://www.zomato.com/nagpur/juhis-kitchen-bajaj-nagar/photos?utm_source=api_basic_user&utm_medium=api&utm_campaign=v2.1#tabtop,SPECIAL VEGETARIAN DISHES,2019-04-06,2019-04-17
332137,18966639,Fakira,https://www.zomato.com/agra/fakira-sikandra/photos?utm_source=api_basic_user&utm_medium=api&utm_campaign=v2.1#tabtop,Cricket Fever,2019-03-28,2019-05-30
332135,3400326,Tea'se Me - Rooftop Tea Boutique,https://www.zomato.com/agra/tease-me-rooftop-tea-boutique-tajganj/photos?utm_source=api_basic_user&utm_medium=api&utm_campaign=v2.1#tabtop,Cricket Fever,2019-03-28,2019-05-30
308544,201693,Dhaba Lane,https://www.zomato.com/dubai/dhaba-lane-al-karama/photos?utm_source=api_basic_user&utm_medium=api&utm_campaign=v2.1#tabtop,Business Lunch,2019-01-29,2019-04-29
301593,203518,The Huddle Sports Bar and Grill - Citymax Hotels Bur Dubai,https://www.zomato.com/dubai/the-huddle-sports-bar-and-grill-citymax-hotels-bur-dubai-mankhool/photos?utm_source=api_basic_user&utm_medium=api&utm_campaign=v2.1#tabtop,The Huddle Grub Lunch,2019-01-20,2019-05-31
301586,203518,The Huddle Sports Bar and Grill - Citymax Hotels Bur Dubai,https://www.zomato.com/dubai/the-huddle-sports-bar-and-grill-citymax-hotels-bur-dubai-mankhool/photos?utm_source=api_basic_user&utm_medium=api&utm_campaign=v2.1#tabtop,Buy 2 Get 1 Free,2019-01-20,2019-05-31
301585,203518,The Huddle Sports Bar and Grill - Citymax Hotels Bur Dubai,https://www.zomato.com/dubai/the-huddle-sports-bar-and-grill-citymax-hotels-bur-dubai-mankhool/photos?utm_source=api_basic_user&utm_medium=api&utm_campaign=v2.1#tabtop,The Happiest Hour,2019-01-21,2019-05-31
301591,203518,The Huddle Sports Bar and Grill - Citymax Hotels Bur Dubai,https://www.zomato.com/dubai/the-huddle-sports-bar-and-grill-citymax-hotels-bur-dubai-mankhool/photos?utm_source=api_basic_user&utm_medium=api&utm_campaign=v2.1#tabtop,Meat Me on Monday,2019-01-21,2019-05-31
301888,203518,The Huddle Sports Bar and Grill - Citymax Hotels Bur Dubai,https://www.zomato.com/dubai/the-huddle-sports-bar-and-grill-citymax-hotels-bur-dubai-mankhool/photos?utm_source=api_basic_user&utm_medium=api&utm_campaign=v2.1#tabtop,Late 8,2019-01-21,2019-05-31
301592,203518,The Huddle Sports Bar and Grill - Citymax Hotels Bur Dubai,https://www.zomato.com/dubai/the-huddle-sports-bar-and-grill-citymax-hotels-bur-dubai-mankhool/photos?utm_source=api_basic_user&utm_medium=api&utm_campaign=v2.1#tabtop,Taco Tuesdays,2019-01-22,2019-05-31
301588,203518,The Huddle Sports Bar and Grill - Citymax Hotels Bur Dubai,https://www.zomato.com/dubai/the-huddle-sports-bar-and-grill-citymax-hotels-bur-dubai-mankhool/photos?utm_source=api_basic_user&utm_medium=api&utm_campaign=v2.1#tabtop,Huddlelicious Tuesdays,2019-01-22,2019-05-31
301590,203518,The Huddle Sports Bar and Grill - Citymax Hotels Bur Dubai,https://www.zomato.com/dubai/the-huddle-sports-bar-and-grill-citymax-hotels-bur-dubai-mankhool/photos?utm_source=api_basic_user&utm_medium=api&utm_campaign=v2.1#tabtop,Knock-Out Thursdays,2019-01-24,2019-05-31
316246,203518,The Huddle Sports Bar and Grill - Citymax Hotels Bur Dubai,https://www.zomato.com/dubai/the-huddle-sports-bar-and-grill-citymax-hotels-bur-dubai-mankhool/photos?utm_source=api_basic_user&utm_medium=api&utm_campaign=v2.1#tabtop,The Huddle Bollywood Night,2019-04-26,2019-04-27
316249,203518,The Huddle Sports Bar and Grill - Citymax Hotels Bur Dubai,https://www.zomato.com/dubai/the-huddle-sports-bar-and-grill-citymax-hotels-bur-dubai-mankhool/photos?utm_source=api_basic_user&utm_medium=api&utm_campaign=v2.1#tabtop,The Huddle Bollywood Night,2019-04-26,2019-04-27
337390,18650045,Tamarind Terrace,https://www.zomato.com/dubai/tamarind-terrace-al-karama/photos?utm_source=api_basic_user&utm_medium=api&utm_campaign=v2.1#tabtop,Vishu Sadhya,2019-04-15,2019-04-15
335476,209654,Rasoi Ghar,https://www.zomato.com/rasoigharuae/photos?utm_source=api_basic_user&utm_medium=api&utm_campaign=v2.1#tabtop,4th Anniversary Celebration!,2019-04-29,2019-05-01
334878,5604236,Malabar Regency,https://www.zomato.com/sharjah/malabar-regency-abu-shagara/photos?utm_source=api_basic_user&utm_medium=api&utm_campaign=v2.1#tabtop,Traditional Kerala Style Vishu Sadya,2019-04-15,2019-04-15
308361,18212135,Denny's,https://www.zomato.com/abudhabi/dennys-tourist-club-area-al-zahiyah/photos?utm_source=api_basic_user&utm_medium=api&utm_campaign=v2.1#tabtop,Introducing the Ultimate Shakshouka & The Denny's Bennies,2019-02-05,2019-04-30
241424,5702990,Jazz@PizzaExpress,https://www.zomato.com/abudhabi/jazzpizzaexpress-al-markaziya/photos?utm_source=api_basic_user&utm_medium=api&utm_campaign=v2.1#tabtop,2 for 1 Monday’s,2018-08-02,2019-08-12
308928,5702990,Jazz@PizzaExpress,https://www.zomato.com/abudhabi/jazzpizzaexpress-al-markaziya/photos?utm_source=api_basic_user&utm_medium=api&utm_campaign=v2.1#tabtop,2 for 1 Brunch - Every Friday,2019-02-05,2019-12-31
335542,5702486,Ghee Rice,https://www.zomato.com/abudhabi/ghee-rice-najda/photos?utm_source=api_basic_user&utm_medium=api&utm_campaign=v2.1#tabtop,Vishu Celebration at Ghee Rice,2019-04-14,2019-04-14
252193,18506282,Sibyullee,https://www.zomato.com/manila/sibyullee-ugong-pasig-city/photos?utm_source=api_basic_user&utm_medium=api&utm_campaign=v2.1#tabtop,Unlimited Korean BBQ,2018-09-07,2019-07-31
322902,7003663,Federal Delicatessen,https://www.zomato.com/auckland/federal-delicatessen-federal-street/photos?utm_source=api_basic_user&utm_medium=api&utm_campaign=v2.1#tabtop,Happier Hour,2019-03-01,2019-04-30
305850,7001670,"Eight - Cordis, Auckland Hotel",https://www.zomato.com/auckland/eight-cordis-auckland-hotel-symonds-street/photos?utm_source=api_basic_user&utm_medium=api&utm_campaign=v2.1#tabtop,Smoky Thursdays,2019-03-01,2019-04-30
298162,7001670,"Eight - Cordis, Auckland Hotel",https://www.zomato.com/auckland/eight-cordis-auckland-hotel-symonds-street/photos?utm_source=api_basic_user&utm_medium=api&utm_campaign=v2.1#tabtop,Chocolate Tuesdays,2019-04-05,2019-08-21
329300,18981544,Katsu YA,https://www.zomato.com/jakarta/katsu-ya-pantai-indah-kapuk/photos?utm_source=api_basic_user&utm_medium=api&utm_campaign=v2.1#tabtop,Review us on Zomato,2019-03-22,2019-04-30
329301,18981544,Katsu YA,https://www.zomato.com/jakarta/katsu-ya-pantai-indah-kapuk/photos?utm_source=api_basic_user&utm_medium=api&utm_campaign=v2.1#tabtop,Opening Promo,2019-03-22,2019-04-30
335217,18680113,The Cutt Grill House,https://www.zomato.com/jakarta/the-cutt-grill-house-tebet/photos?utm_source=api_basic_user&utm_medium=api&utm_campaign=v2.1#tabtop,Knowledge is power,2019-04-04,2019-06-01
